filename,size,compressed
materials/maps/bhop_finalundine/nature/r_blend_grass1_field1cabbage_details_wvt_patch.vmt,151,151
materials/maps/bhop_finalundine/realworldtextures2/marble/support/marble_pillar_14_0_0_0.vmt,160,160
materials/maps/bhop_finalundine/realworldtextures2/marble/marble_02_0_0_0.vmt,145,145
materials/maps/bhop_finalundine/building_template/building_template013b_0_0_0.vmt,149,149
materials/maps/bhop_finalundine/tile/tileroof003a_0_0_0.vmt,127,127
materials/maps/bhop_finalundine/realworldtextures2/marble/marble_01_0_0_0.vmt,145,145
materials/maps/bhop_finalundine/nature/water_coast01_depth_120.vmt,108,108
materials/maps/bhop_finalundine/cubemapdefault.vtf,28753,28753
materials/maps/bhop_finalundine/c0_0_0.vtf,28753,28753
materials/maps/bhop_finalundine/cubemapdefault.hdr.vtf,76528,76528
materials/maps/bhop_finalundine/c0_0_0.hdr.vtf,76528,76528
materials/nature/rd_grass01_low.vtf,174984,174984
materials/RealWorldTextures2/Marble/support/marble_pillar_14.vmt,363,363
materials/RealWorldTextures2/Marble/support/marble_pillar_14.vtf,174984,174984
materials/RealWorldTextures2/Marble/support/marble_pillar_14_nrm.vtf,174984,174984
materials/RealWorldTextures2/Marble/marble_02.vmt,444,444
materials/RealWorldTextures2/Marble/marble_02.vtf,174984,174984
materials/RealWorldTextures2/Marble/marble_02_nrm.vtf,174984,174984
materials/RealWorldTextures2/Detail/detailconcrete001a.vtf,262567,262567
materials/RealWorldTextures2/Marble/marble_01.vmt,444,444
materials/RealWorldTextures2/Marble/marble_01.vtf,174984,174984
materials/RealWorldTextures2/Marble/marble_01_nrm.vtf,174984,174984
materials/nature/r_blend_grass1_field1cabbage_details.vmt,266,266
materials/nature/r_field1.vtf,349760,349760
materials/nature/rd_dirtgrass01blend.vtf,174984,174984
materials/RealWorldTextures2/Ground/sand_09.vmt,321,321
materials/RealWorldTextures2/Ground/sand_09.vtf,174984,174984
materials/RealWorldTextures2/Detail/dt_smooth1.vtf,16807,16807
materials/ryan_dev/darker_blue2.vmt,69,69
materials/ryan_dev/darker_blue2.vtf,11144,11144
materials/ryan_dev/darker_blue1.vmt,69,69
materials/ryan_dev/darker_blue1.vtf,11144,11144
materials/real_dev/dev_blue5.vmt,66,66
materials/real_dev/dev_blue5.vtf,699272,699272
materials/concrete/CONCRETECEILING003A.vmt,185,185
materials/concrete/concreteceiling003a.vtf,175008,175008
materials/detail/dt_plaster1.vtf,11168,11168
materials/devneons/blue_neon.vmt,103,103
materials/devneons/blue_neon.vtf,43912,43912
materials/maps/rp_glife_sunshine_v1/realworldtextures/new/woodfloor_a01_-7704_7292_259.vmt,158,158
materials/RealWorldTextures/new/WoodFloor_a01.vmt,237,237
materials/RealWorldTextures/new/WoodFloor_a01.vtf,174984,174984
materials/RealWorldTextures/new/WoodFloor_a01_spc.vtf,174984,174984
materials/RealWorldTextures2/Wall/Brick_wall_53.vmt,283,283
materials/RealWorldTextures2/Wall/Brick_wall_53.vtf,174984,174984
materials/RealWorldTextures2/Wall/Brick_wall_53_nrm.vtf,174984,174984
materials/RealWorldTextures/newer/0/Roof_0_01.vmt,162,162
materials/RealWorldTextures/newer/0/Roof_0_01.vtf,174984,174984
materials/RealWorldTextures/newer/0/Roof_0_01_nrm.vtf,174984,174984
materials/RealWorldTextures/ceiling/Ceiling_1_01.vmt,234,234
materials/RealWorldTextures/ceiling/ceiling_1_01.vtf,43912,43912
materials/RealWorldTextures2/Decals/clock_01.vmt,255,255
materials/RealWorldTextures2/Decals/clock_01.vtf,22080,22080
materials/RealWorldTextures2/Glass/glass_04.vmt,296,296
materials/RealWorldTextures2/Glass/glass_04.vtf,349760,349760
materials/wood/woodfloor008a_2969_5809_104.vmt,179,179
materials/wood/woodboards03.vmt,149,149
materials/wood/woodboards03.vtf,174968,174968
materials/wood/woodboards01_normal.vtf,174968,174968
materials/devneons/yellow_neon.vmt,105,105
materials/devneons/yellow_neon.vtf,43912,43912
materials/RealWorldTextures/de_artcenter/concrete01.vmt,160,160
materials/RealWorldTextures/de_artcenter/concrete01.vtf,174984,174984
materials/devneons/green_neon.vmt,104,104
materials/devneons/green_neon.vtf,43912,43912
materials/devneons/orange_neon.vmt,105,105
materials/devneons/orange_neon.vtf,43912,43912
materials/RealWorldTextures2/Marble/support/marble_pillar_10.vmt,363,363
materials/RealWorldTextures2/Marble/support/marble_pillar_10.vtf,174984,174984
materials/RealWorldTextures2/Marble/support/marble_pillar_10_nrm.vtf,174984,174984
materials/resident_evil/marbletrue01.vmt,98,98
materials/resident_evil/marbletrue01.vtf,349760,349760
materials/resident_evil/marblewall04.vmt,102,102
materials/resident_evil/marblewall04.vtf,22016,22016
materials/RealWorldTextures2/Marble/inserts/marble_04.vmt,349,349
materials/RealWorldTextures2/Marble/inserts/marble_04.vtf,174984,174984
materials/RealWorldTextures2/Marble/inserts/marble_04_nrm.vtf,174984,174984
materials/devneons/white_neon.vmt,104,104
materials/devneons/white_neon.vtf,43912,43912
materials/PB_textures/lightgreen-new.vmt,102,102
materials/PB_textures/lightgreen-new.vtf,43912,43912
materials/real_dev/dev_red4.vmt,65,65
materials/real_dev/dev_red4.vtf,699272,699272
materials/Mangas/MAPBY.vmt,123,123
materials/Mangas/MAPBY.vtf,22369856,22369856
materials/Obvixus/lapin.vmt,61,61
materials/Obvixus/lapin.vtf,174984,174984
materials/Obvixus/khaazychi.vmt,65,65
materials/Obvixus/khaazychi.vtf,43872,43872
materials/Obvixus/khaazy jesus.vmt,68,68
materials/Obvixus/khaazy jesus.vtf,349760,349760
materials/Obvixus/yanis.vmt,61,61
materials/Obvixus/yanis.vtf,349760,349760
materials/Obvixus/yanis2.vmt,62,62
materials/Obvixus/yanis2.vtf,11185032,11185032
materials/Obvixus/chieng.vmt,62,62
materials/Obvixus/chieng.vtf,699272,699272
materials/Obvixus/gum.vmt,59,59
materials/Obvixus/gum.vtf,699272,699272
materials/Obvixus/mercii.vmt,123,123
materials/Obvixus/mercii.vtf,349760,349760
materials/skybox/mr_13up.vmt,81,81
materials/skybox/mr_13up.vtf,4194511,4194511
materials/skybox/mr_13dn.vmt,81,81
materials/skybox/mr_13dn.vtf,4194511,4194511
materials/skybox/mr_13lf.vmt,81,81
materials/skybox/mr_13lf.vtf,4194511,4194511
materials/skybox/mr_13rt.vmt,81,81
materials/skybox/mr_13rt.vtf,4194511,4194511
materials/skybox/mr_13ft.vmt,81,81
materials/skybox/mr_13ft.vtf,4194511,4194511
materials/skybox/mr_13bk.vmt,81,81
materials/skybox/mr_13bk.vtf,4194511,4194511
models/trees/good_trees/jn_falltree_01.mdl,1668,1668
models/trees/good_trees/jn_falltree_01.vvd,85824,85824
models/trees/good_trees/jn_falltree_01.dx90.vtx,20808,20808
models/trees/good_trees/jn_falltree_01.dx80.vtx,20808,20808
models/trees/good_trees/jn_falltree_01.sw.vtx,20808,20808
models/trees/good_trees/jn_falltree_01.phy,7345,7345
materials/models/trees/good_trees/jn_falltree_bark_01.vmt,95,95
materials/models/trees/good_trees/jn_falltree_bark_01.vtf,174968,174968
materials/models/trees/good_trees/jn_falltree.vmt,138,138
materials/models/trees/good_trees/jn_falltree.vtf,174928,174928
models/props_foliage/ah_ash_tree001.mdl,1928,1928
models/props_foliage/ah_ash_tree001.vvd,131504,131504
models/props_foliage/ah_ash_tree001.dx90.vtx,40637,40637
models/props_foliage/ah_ash_tree001.dx80.vtx,40637,40637
models/props_foliage/ah_ash_tree001.sw.vtx,40637,40637
models/props_foliage/ah_ash_tree001.phy,1193,1193
materials/models/props_foliage/ah_foliage_sheet001.vmt,156,156
materials/models/props_foliage/ah_foliage_sheet001.vtf,5592512,5592512
materials/models/props_foliage/ah_bark_shee001.vmt,178,178
materials/models/props_foliage/ah_bark_sheet001.vtf,174984,174984
models/props_foliage/ah_ash_tree_med.mdl,1664,1664
models/props_foliage/ah_ash_tree_med.vvd,262208,262208
models/props_foliage/ah_ash_tree_med.dx90.vtx,46194,46194
models/props_foliage/ah_ash_tree_med.dx80.vtx,46194,46194
models/props_foliage/ah_ash_tree_med.sw.vtx,46194,46194
models/props_foliage/ah_ash_tree_med.phy,1649,1649
models/props/de_inferno/bushgreenbig.mdl,1472,1472
models/props/de_inferno/bushgreenbig.vvd,124544,124544
models/props/de_inferno/bushgreenbig.dx90.vtx,63086,63086
models/props/de_inferno/bushgreenbig.dx80.vtx,63086,63086
models/props/de_inferno/bushgreenbig.sw.vtx,63086,63086
materials/models/props/de_inferno/bushgreen.vmt,125,125
materials/models/props/de_inferno/bushgreen.vtf,349744,349744
models/props_foliage/ah_ash_tree_cluster1.mdl,1664,1664
models/props_foliage/ah_ash_tree_cluster1.vvd,144192,144192
models/props_foliage/ah_ash_tree_cluster1.dx90.vtx,25512,25512
models/props_foliage/ah_ash_tree_cluster1.dx80.vtx,25512,25512
models/props_foliage/ah_ash_tree_cluster1.sw.vtx,25512,25512
models/props_foliage/ah_ash_tree_cluster1.phy,1733,1733
models/props_foliage/mall_bush02.mdl,1736,1736
models/props_foliage/mall_bush02.vvd,103744,103744
models/props_foliage/mall_bush02.dx90.vtx,24273,24273
materials/models/props_foliage/mall_trees_branches01.vmt,262,262
materials/models/props_foliage/mall_trees_branches01.vtf,5592672,5592672
models/props_foliage/hedgerow01_small-bushy.mdl,1460,1460
models/props_foliage/hedgerow01_small-bushy.vvd,46144,46144
models/props_foliage/hedgerow01_small-bushy.dx90.vtx,8781,8781
models/props_foliage/hedgerow01_small-bushy.dx80.vtx,8781,8781
models/props_foliage/hedgerow01_small-bushy.sw.vtx,8781,8781
materials/models/props_foliage/hedgerow_01.vmt,184,184
materials/models/props_foliage/hedgerow_01.vtf,1398336,1398336
