filename,size,compressed
materials/maps/bhop_museum_beta/alkateut/tile_lightmarble_0_0_0.vmt,135,135
materials/maps/bhop_museum_beta/realworldtextures/ceiling/ceiling_07_0_0_0.vmt,146,146
materials/maps/bhop_museum_beta/realworldtextures/newer/3/tile_3_06_0_0_0.vmt,145,145
materials/maps/bhop_museum_beta/realworldtextures2/marble/marble_02_0_0_0.vmt,145,145
materials/maps/bhop_museum_beta/concrete/concretefloor033a_0_0_0.vmt,136,136
materials/maps/bhop_museum_beta/alkateut/brick4x2_0_0_0.vmt,127,127
materials/maps/bhop_museum_beta/realworldtextures/glass/glass_10_0_0_0.vmt,142,142
materials/maps/bhop_museum_beta/realworldtextures/glass/glass_07_0_0_0.vmt,142,142
materials/maps/bhop_museum_beta/alkateut/wood_dark_0_0_0.vmt,128,128
materials/maps/bhop_museum_beta/realworldtextures/ceiling/argentgold_0_0_0.vmt,146,146
materials/maps/bhop_museum_beta/liquids/water_pretty1_depth_32.vmt,108,108
materials/maps/bhop_museum_beta/liquids/water_pretty1_depth_16.vmt,108,108
materials/maps/bhop_museum_beta/cubemapdefault.vtf,4960,4960
materials/maps/bhop_museum_beta/c0_0_0.vtf,4960,4960
materials/maps/bhop_museum_beta/cubemapdefault.hdr.vtf,76528,76528
materials/maps/bhop_museum_beta/c0_0_0.hdr.vtf,76528,76528
materials/alkateut/tile_lightmarble.vmt,449,449
materials/alkateut/tile_lightmarble_d.vtf,699272,699272
materials/alkateut/tile_lightmarble_n.vtf,1398336,1398336
materials/RealWorldTextures/ceiling/Ceiling_07.vmt,361,361
materials/RealWorldTextures/ceiling/Ceiling_07.vtf,174984,174984
materials/RealWorldTextures/ceiling/Ceiling_07_nrm.vtf,174984,174984
materials/RealWorldTextures/newer/3/tile_3_06.vmt,188,188
materials/RealWorldTextures/newer/3/tile_3_06.vtf,174984,174984
materials/RealWorldTextures/newer/3/tile_3_06_nrm.vtf,174984,174984
materials/RealWorldTextures2/Marble/marble_02.vmt,444,444
materials/RealWorldTextures2/Marble/marble_02.vtf,174984,174984
materials/RealWorldTextures2/Marble/marble_02_nrm.vtf,174984,174984
materials/RealWorldTextures2/Detail/detailconcrete001a.vtf,262567,262567
materials/alkateut/brick4x2.vmt,440,440
materials/alkateut/brick4x2_d.vtf,699272,699272
materials/alkateut/brick4x2_n.vtf,699272,699272
materials/RealWorldTextures/glass/Glass_10.vmt,522,522
materials/RealWorldTextures/glass/glass_10_nrm.vtf,174984,174984
materials/RealWorldTextures/glass/Glass_07.vmt,522,522
materials/RealWorldTextures/glass/glass_07_nrm.vtf,174984,174984
materials/alkateut/wood_dark.vmt,404,404
materials/alkateut/wood_dark_d.vtf,349760,349760
materials/RealWorldTextures/ceiling/ArgentGold.vmt,363,363
materials/RealWorldTextures/ceiling/ArgentGold.vtf,43912,43912
materials/RealWorldTextures/ceiling/ArgentGold_nrm.vtf,43912,43912
materials/real_dev/dev_gray6.vmt,66,66
materials/real_dev/dev_gray6.vtf,699272,699272
materials/aurumcustom/goldoutline.vmt,68,68
materials/aurumcustom/goldoutline.vtf,174984,174984
materials/aurumcustom/portraitgold.vmt,69,69
materials/aurumcustom/portraitgold.vtf,174984,174984
materials/RealWorldTextures/newer/1/Tile_1_01.vmt,107,107
materials/RealWorldTextures/newer/1/Tile_1_01.vtf,174984,174984
materials/RealWorldTextures/newer/1/Beach_1_01.vmt,108,108
materials/RealWorldTextures/newer/1/Beach_1_01.vtf,174984,174984
materials/RealWorldTextures2/Tile/Tile_02.vmt,351,351
materials/RealWorldTextures2/Tile/Tile_02.vtf,174984,174984
materials/RealWorldTextures2/Tile/Tile_02_nrm.vtf,174984,174984
materials/RealWorldTextures2/Tile/Tile_02_SPEC.vtf,174984,174984
materials/Saspatoon/Plaster/PlasterSeamlessDarkRed.vmt,225,225
materials/Saspatoon/Plaster/PlasterSeamlessDarkRed.vtf,174984,174984
materials/aurumcustom/mona512.vmt,64,64
materials/aurumcustom/mona512.vtf,174984,174984
materials/aurumcustom/rena5.vmt,62,62
materials/aurumcustom/rena5.vtf,699272,699272
materials/aurumcustom/rena7.vmt,62,62
materials/aurumcustom/rena7.vtf,174984,174984
materials/aurumcustom/courseofempire.vmt,71,71
materials/aurumcustom/courseofempire.vtf,699272,699272
materials/aurumcustom/rena4.vmt,62,62
materials/aurumcustom/rena4.vtf,174984,174984
materials/aurumcustom/rena3.vmt,62,62
materials/aurumcustom/rena3.vtf,699272,699272
materials/aurumcustom/rena2.vmt,62,62
materials/aurumcustom/rena2.vtf,174984,174984
materials/aurumcustom/rena1.vmt,62,62
materials/aurumcustom/rena1.vtf,699272,699272
materials/Saspatoon/Glass/Stain/GlassStainBlue.vmt,238,238
materials/Saspatoon/Glass/Stain/GlassStainBlue.vtf,349760,349760
materials/Skyppy4/new/metal01b.vmt,93,93
materials/Skyppy4/new/metal01b.vtf,699272,699272
materials/devneons/white_neon.vmt,104,104
materials/devneons/white_neon.vtf,43912,43912
materials/RealWorldTextures/Walls/DaiquiriIce.vmt,244,244
materials/RealWorldTextures/Walls/DaiquiriIce.vtf,174984,174984
materials/RealWorldTextures/Floor/wood_floor_5.vmt,108,108
materials/RealWorldTextures/Floor/wood_floor_5.vtf,43912,43912
materials/aurumcustom/modernart2.vmt,67,67
materials/aurumcustom/modernart2.vtf,174984,174984
materials/aurumcustom/modernart3.vmt,67,67
materials/aurumcustom/modernart3.vtf,174984,174984
materials/real_dev/dev_black.vmt,66,66
materials/real_dev/dev_black.vtf,699272,699272
materials/real_dev/dev_gray4.vmt,66,66
materials/real_dev/dev_gray4.vtf,699272,699272
materials/RealWorldTextures2/Roof/roof_01.vmt,319,319
materials/RealWorldTextures2/Roof/roof_01.vtf,174984,174984
materials/RealWorldTextures2/Detail/dt_smooth1.vtf,16807,16807
materials/devneons/green_neon.vmt,104,104
materials/devneons/green_neon.vtf,43912,43912
materials/aurumcustom/darkmarble2.vmt,68,68
materials/aurumcustom/darkmarble2.vtf,174984,174984
materials/aurumcustom/julius.vmt,65,65
materials/aurumcustom/julius.vtf,174984,174984
materials/aurumcustom/person512.vmt,66,66
materials/aurumcustom/person512.vtf,174984,174984
materials/aurumcustom/napoleon512.vmt,68,68
materials/aurumcustom/napoleon512.vtf,174984,174984
materials/aurumcustom/culture4.vmt,65,65
materials/aurumcustom/culture4.vtf,174984,174984
materials/aurumcustom/culture3.vmt,65,65
materials/aurumcustom/culture3.vtf,174984,174984
materials/aurumcustom/culture1.vmt,65,65
materials/aurumcustom/culture1.vtf,699272,699272
materials/aurumcustom/culture5.vmt,65,65
materials/aurumcustom/culture5.vtf,174984,174984
materials/aurumcustom/culture6.vmt,65,65
materials/aurumcustom/culture6.vtf,174984,174984
materials/aurumcustom/culture7.vmt,65,65
materials/aurumcustom/culture7.vtf,174984,174984
materials/aurumcustom/culture8.vmt,65,65
materials/aurumcustom/culture8.vtf,174984,174984
materials/aurumcustom/culture2.vmt,65,65
materials/aurumcustom/culture2.vtf,174984,174984
materials/RealWorldTextures/ceiling/Coffer.vmt,355,355
materials/RealWorldTextures/ceiling/Coffer.vtf,174984,174984
materials/RealWorldTextures/ceiling/Coffer_nrm.vtf,174984,174984
materials/construction/wood/CONSTRUCTWOOD001.vmt,125,125
materials/construction/wood/constructwood001.vtf,699272,699272
materials/real_dev/dev_red3.vmt,65,65
materials/real_dev/dev_red3.vtf,699272,699272
materials/aurumcustom/apocnew2.vmt,65,65
materials/aurumcustom/apocnew2.vtf,174984,174984
materials/aurumcustom/battle.vmt,63,63
materials/aurumcustom/battle.vtf,174984,174984
materials/aurumcustom/apocnew3.vmt,65,65
materials/aurumcustom/apocnew3.vtf,174984,174984
materials/aurumcustom/sackingrome.vmt,68,68
materials/aurumcustom/sackingrome.vtf,174984,174984
materials/aurumcustom/jerusalem.vmt,66,66
materials/aurumcustom/jerusalem.vtf,174984,174984
materials/aurumcustom/pompeii.vmt,64,64
materials/aurumcustom/pompeii.vtf,174984,174984
materials/aurumcustom/classical7.vmt,67,67
materials/aurumcustom/classical7.vtf,699272,699272
materials/aurumcustom/classical6.vmt,67,67
materials/aurumcustom/classical6.vtf,699272,699272
materials/aurumcustom/classical8.vmt,67,67
materials/aurumcustom/classical8.vtf,174984,174984
materials/aurumcustom/classical5.vmt,67,67
materials/aurumcustom/classical5.vtf,699272,699272
materials/aurumcustom/classical3.vmt,67,67
materials/aurumcustom/classical3.vtf,699272,699272
materials/aurumcustom/classical1.vmt,67,67
materials/aurumcustom/classical1.vtf,174984,174984
materials/alkateut/concreteflat3.vmt,91,91
materials/alkateut/concrete_flat3_d.vtf,174984,174984
materials/RealWorldTextures2/Ground/brick_paver_05.vmt,388,388
materials/RealWorldTextures2/Ground/brick_paver_05.vtf,174984,174984
materials/RealWorldTextures2/Ground/brick_paver_05_nrm.vtf,174984,174984
materials/RealWorldTextures2/Detail/dt_stone1.vtf,16807,16807
materials/neon/blue.vmt,94,94
materials/neon/blue.vtf,174968,174968
materials/RealWorldTextures2/Ground/grass_15.vmt,322,322
materials/RealWorldTextures2/Ground/grass_15.vtf,174984,174984
materials/RealWorldTextures2/Detail/dt_grass1.vtf,16807,16807
materials/Skyppy4/glass/glass02.vmt,154,154
materials/Skyppy4/glass/glass02.vtf,1398336,1398336
materials/aurumcustom/modernart5.vmt,67,67
materials/aurumcustom/modernart5.vtf,174984,174984
materials/aurumcustom/modernart7.vmt,67,67
materials/aurumcustom/modernart7.vtf,699272,699272
materials/aurumcustom/modernart4.vmt,67,67
materials/aurumcustom/modernart4.vtf,699272,699272
materials/aurumcustom/modernart6.vmt,67,67
materials/aurumcustom/modernart6.vtf,174984,174984
materials/aurumcustom/modernart1.vmt,67,67
materials/aurumcustom/modernart1.vtf,699272,699272
materials/aurumcustom/cultewing.vmt,65,65
materials/aurumcustom/cultwing.vtf,174984,174984
materials/aurumcustom/darkmarble1.vmt,68,68
materials/aurumcustom/darkmarble1.vtf,174984,174984
materials/aurumcustom/apocwing.vmt,65,65
materials/aurumcustom/apocwing.vtf,174984,174984
materials/aurumcustom/classwing.vmt,66,66
materials/aurumcustom/classwing.vtf,174984,174984
materials/aurumcustom/renatest.vmt,65,65
materials/aurumcustom/renatest.vtf,174984,174984
materials/Saspatoon/Glass/GlassBlack.vmt,228,228
materials/Saspatoon/Glass/GlassBlack.vtf,349760,349760
materials/RealWorldTextures/new/metal2.vmt,168,168
materials/RealWorldTextures/new/metal2.vtf,174984,174984
materials/aurumcustom/rules.vmt,62,62
materials/aurumcustom/rules.vtf,174984,174984
materials/RealWorldTextures/de_artcenter/metal2.vmt,85,85
materials/RealWorldTextures/de_artcenter/Metal2.vtf,174984,174984
materials/aurumcustom/explanation.vmt,68,68
materials/aurumcustom/explanation.vtf,174984,174984
materials/skybox/hybridup.vmt,85,85
materials/skybox/hybridup.vtf,524496,524496
materials/skybox/hybriddn.vmt,85,85
materials/skybox/hybriddn.vtf,524496,524496
materials/skybox/hybridlf.vmt,85,85
materials/skybox/hybridlf.vtf,524496,524496
materials/skybox/hybridrt.vmt,85,85
materials/skybox/hybridrt.vtf,524496,524496
materials/skybox/hybridft.vmt,85,85
materials/skybox/hybridft.vtf,524496,524496
materials/skybox/hybridbk.vmt,85,85
materials/skybox/hybridbk.vtf,524496,524496
materials/detail/detailsprites.vmt,161,161
materials/detail/detailsprites.vtf,1398336,1398336
models/museummodels/horse.mdl,1692,1692
models/museummodels/horse.vvd,421440,421440
models/museummodels/horse.dx90.vtx,122031,122031
models/museummodels/horse.dx80.vtx,122031,122031
models/museummodels/horse.sw.vtx,122031,122031
materials/models/museummaterials/blend_cream.vmt,105,105
materials/models/museummaterials/blend_cream.vtf,175000,175000
models/museummodels/sisters.mdl,1752,1752
models/museummodels/sisters.vvd,936384,936384
models/museummodels/sisters.dx90.vtx,268077,268077
models/museummodels/sisters.dx80.vtx,268077,268077
models/museummodels/sisters.sw.vtx,268077,268077
materials/models/museummaterials/sisters.vmt,101,101
materials/models/museummaterials/sisters.vtf,175000,175000
models/museummodels/torso.mdl,1748,1748
models/museummodels/torso.vvd,2038976,2038976
models/museummodels/torso.dx90.vtx,363819,363819
models/museummodels/torso.dx80.vtx,363819,363819
models/museummodels/torso.sw.vtx,363819,363819
materials/models/museummaterials/torso.vmt,101,101
materials/models/museummaterials/torso.vtf,175000,175000
models/museummodels/david.mdl,1964,1964
models/museummodels/david.vvd,773184,773184
models/museummodels/david.dx90.vtx,204456,204456
models/museummodels/david.dx80.vtx,204456,204456
models/museummodels/david.sw.vtx,204456,204456
materials/models/museummaterials/david.vmt,99,99
materials/models/museummaterials/david.vtf,175000,175000
models/museummodels/lady.mdl,1744,1744
models/museummodels/lady.vvd,373696,373696
models/museummodels/lady.dx90.vtx,115647,115647
models/museummodels/lady.dx80.vtx,115647,115647
models/museummodels/lady.sw.vtx,115647,115647
materials/models/museummaterials/lady.vmt,100,100
materials/models/museummaterials/lady.vtf,699288,699288
models/domitibingen/Foliage/Deciduous_tree/Default_tree_02/normal_tree_sm_02_g.mdl,2448,2448
models/domitibingen/Foliage/Deciduous_tree/Default_tree_02/normal_tree_sm_02_g.vvd,387648,387648
models/domitibingen/Foliage/Deciduous_tree/Default_tree_02/Normal_tree_sm_02_g.dx90.vtx,76662,76662
models/domitibingen/Foliage/Deciduous_tree/Default_tree_02/Normal_tree_sm_02_g.dx80.vtx,76662,76662
models/domitibingen/Foliage/Deciduous_tree/Default_tree_02/Normal_tree_sm_02_g.sw.vtx,76662,76662
models/domitibingen/Foliage/Deciduous_tree/Default_tree_02/Normal_tree_sm_02_g.phy,1682,1682
materials/domitibingen/Foliage/Deciduous_tree/Default_tree_02/bark_06.vmt,122,122
materials/domitibingen/Foliage/Deciduous_tree/Default_tree_02/bark_06.vtf,2796448,2796448
materials/domitibingen/Foliage/Deciduous_tree/Default_tree_02/leaves_04_1024_g.vmt,157,157
materials/domitibingen/Foliage/Deciduous_tree/Default_tree_02/leaves_04_1024_g.vtf,1398360,1398360
materials/domitibingen/Foliage/Deciduous_tree/Default_tree_02/leaves_05_1024_g.vmt,157,157
materials/domitibingen/Foliage/Deciduous_tree/Default_tree_02/leaves_05_1024_g.vtf,1398360,1398360
materials/domitibingen/Foliage/Deciduous_tree/Default_tree_02/branch_02.vmt,150,150
materials/domitibingen/Foliage/Deciduous_tree/Default_tree_02/branch_02.vtf,1398360,1398360
models/domitibingen/Foliage/Deciduous_tree/Default_tree_02/normal_tree_m_02_pu.mdl,2448,2448
models/domitibingen/Foliage/Deciduous_tree/Default_tree_02/normal_tree_m_02_pu.vvd,418432,418432
models/domitibingen/Foliage/Deciduous_tree/Default_tree_02/Normal_tree_m_02_pu.dx90.vtx,82947,82947
models/domitibingen/Foliage/Deciduous_tree/Default_tree_02/Normal_tree_m_02_pu.dx80.vtx,82947,82947
models/domitibingen/Foliage/Deciduous_tree/Default_tree_02/Normal_tree_m_02_pu.sw.vtx,82947,82947
models/domitibingen/Foliage/Deciduous_tree/Default_tree_02/Normal_tree_m_02_pu.phy,1589,1589
materials/domitibingen/Foliage/Deciduous_tree/Default_tree_02/leaves_04_1024_pu.vmt,158,158
materials/domitibingen/Foliage/Deciduous_tree/Default_tree_02/leaves_04_1024_pu.vtf,1398360,1398360
materials/domitibingen/Foliage/Deciduous_tree/Default_tree_02/leaves_05_1024_pu.vmt,158,158
materials/domitibingen/Foliage/Deciduous_tree/Default_tree_02/leaves_05_1024_pu.vtf,1398360,1398360
