filename,size,compressed
materials/maps/bhop_appriciate/de_cbble/grassdirt_blend_wvt_patch.vmt,165,165
materials/maps/bhop_appriciate/realworldtextures2/marble/inserts/marble_08_0_0_0.vmt,152,152
materials/maps/bhop_appriciate/realworldtextures2/wood/wood_01_0_0_0.vmt,140,140
materials/maps/bhop_appriciate/nature/water_canals_city_depth_1.vmt,110,110
materials/maps/bhop_appriciate/nature/water_canals_city_depth_15.vmt,111,111
materials/maps/bhop_appriciate/nature/water_canals_city_depth_10.vmt,111,111
materials/maps/bhop_appriciate/cubemapdefault.vtf,28753,28753
materials/maps/bhop_appriciate/c0_0_0.vtf,28753,28753
materials/maps/bhop_appriciate/cubemapdefault.hdr.vtf,76528,76528
materials/maps/bhop_appriciate/c0_0_0.hdr.vtf,76528,76528
materials/RealWorldTextures2/Marble/inserts/marble_08.vmt,349,349
materials/RealWorldTextures2/Marble/inserts/marble_08.vtf,174984,174984
materials/RealWorldTextures2/Marble/inserts/marble_08_nrm.vtf,174984,174984
materials/RealWorldTextures2/Wood/wood_01.vmt,371,371
materials/RealWorldTextures2/Wood/wood_01.vtf,174984,174984
materials/RealWorldTextures2/Detail/dt_wood.vtf,16807,16807
materials/RealWorldTextures2/Ground/lava_magma_05.vmt,326,326
materials/RealWorldTextures2/Ground/lava_magma_05.vtf,174984,174984
materials/RealWorldTextures2/Detail/dt_stone1.vtf,16807,16807
materials/RealWorldTextures2/Rock/rock_20.vmt,369,369
materials/RealWorldTextures2/Rock/rock_20.vtf,174984,174984
materials/RealWorldTextures2/Rock/rock_20_nrm.vtf,174984,174984
materials/RealWorldTextures2/Detail/dt_stone3.vtf,16807,16807
materials/RealWorldTextures2/Rock/rock_17.vmt,369,369
materials/RealWorldTextures2/Rock/rock_17.vtf,174984,174984
materials/RealWorldTextures2/Rock/rock_17_nrm.vtf,174984,174984
materials/RealWorldTextures2/Ground/Carpet_30.vmt,325,325
materials/RealWorldTextures2/Ground/Carpet_30.vtf,174984,174984
materials/RealWorldTextures2/Detail/dt_carpet1.vtf,16807,16807
materials/CONCRETE/CONCRETE_BTS_WALL001A.vmt,127,127
materials/CONCRETE/concrete_bts_wall001a.vtf,175008,175008
materials/RealWorldTextures2/Ground/lava_magma_03.vmt,385,385
materials/RealWorldTextures2/Ground/lava_magma_03.vtf,174984,174984
materials/RealWorldTextures2/Ground/lava_magma_03_nrm.vtf,174984,174984
materials/RealWorldTextures2/Ceiling/ceiling_06.vmt,290,290
materials/RealWorldTextures2/Ceiling/ceiling_06.vtf,174984,174984
materials/RealWorldTextures2/Ceiling/ceiling_06_nrm.vtf,174984,174984
materials/icetiger/HAYIceTiger.vmt,85,85
materials/icetiger/HAYIceTiger.vtf,349688,349688
materials/RealWorldTextures2/Concrete/CONCRETE_56.vmt,318,318
materials/RealWorldTextures2/Concrete/concrete_56.vtf,174984,174984
materials/RealWorldTextures2/Detail/detailconcrete001a.vtf,262567,262567
materials/RealWorldTextures2/Concrete/Wall/concrete_wall_02.vmt,397,397
materials/RealWorldTextures2/Concrete/Wall/concrete_wall_02.vtf,174984,174984
materials/RealWorldTextures2/Concrete/Wall/concrete_wall_02_nrm.vtf,174984,174984
materials/RealWorldTextures2/Detail/detail_concrete_03.vtf,262567,262567
materials/badges/LADDERSPARX.vmt,85,85
materials/badges/LADDERSPARX.vtf,87552,87552
materials/badges/4.vmt,69,69
materials/badges/4.vtf,43872,43872
materials/badges/2.vmt,69,69
materials/badges/2.vtf,43872,43872
materials/badges/0.vmt,69,69
materials/badges/0.vtf,43872,43872
materials/badges/6.vmt,69,69
materials/badges/6.vtf,43872,43872
materials/badges/8.vmt,69,69
materials/badges/8.vtf,43872,43872
materials/badges/3.vmt,69,69
materials/badges/3.vtf,43872,43872
materials/badges/1.vmt,69,69
materials/badges/1.vtf,43872,43872
materials/badges/CONCRETE01.vmt,1350,1350
materials/badges/concrete01.vtf,174984,174984
materials/RealWorldTextures2/Wood/wood_123.vmt,370,370
materials/RealWorldTextures2/Wood/wood_123.vtf,174984,174984
materials/RealWorldTextures2/Wood/wood_123_nrm.vtf,174984,174984
materials/RealWorldTextures2/Detail/dt_wood2.vtf,16807,16807
materials/RealWorldTextures2/Metal/cast_iron_02.vmt,303,303
materials/RealWorldTextures2/Metal/cast_iron_02.vtf,174984,174984
materials/RealWorldTextures2/Metal/cast_iron_02_nrm.vtf,174984,174984
materials/RealWorldTextures2/Concrete/concrete_53.vmt,377,377
materials/RealWorldTextures2/Concrete/concrete_53.vtf,174984,174984
materials/RealWorldTextures2/Concrete/concrete_53_nrm.vtf,174984,174984
materials/RealWorldTextures2/Concrete/concrete_57.vmt,377,377
materials/RealWorldTextures2/Concrete/concrete_57.vtf,174984,174984
materials/RealWorldTextures2/Concrete/concrete_57_nrm.vtf,174984,174984
materials/skybox/sky_reddusk01up.vmt,93,93
materials/skybox/sky_reddusk01up.vtf,1048799,1048799
materials/skybox/sky_reddusk01dn.vmt,93,93
materials/skybox/sky_reddusk01dn.vtf,167,167
materials/skybox/sky_reddusk01lf.vmt,164,164
materials/skybox/sky_reddusk01lf.vtf,524449,524449
materials/skybox/sky_reddusk01rt.vmt,164,164
materials/skybox/sky_reddusk01rt.vtf,524449,524449
materials/skybox/sky_reddusk01ft.vmt,164,164
materials/skybox/sky_reddusk01ft.vtf,524449,524449
materials/skybox/sky_reddusk01bk.vmt,164,164
materials/skybox/sky_reddusk01bk.vtf,524449,524449
materials/detail/detailsprites.vmt,133,133
materials/detail/detailsprites.vtf,349744,349744
sound/crowsoundeffect.wav,1525292,1525292
models/props_foliage/swamp_grass01.mdl,1748,1748
models/props_foliage/swamp_grass01.vvd,43456,43456
models/props_foliage/swamp_grass01.dx90.vtx,8955,8955
materials/models/props_foliage/swamp_trees_branches01_alphatest.vmt,293,293
materials/models/props_foliage/tree_include_dryleaves.vmt,454,454
materials/models/props_foliage/swamp_trees_branches01.vtf,5592664,5592664
models/nikl/mushroom_stack2.mdl,1448,1448
models/nikl/mushroom_stack2.vvd,17984,17984
models/nikl/mushroom_stack2.dx90.vtx,4821,4821
models/nikl/mushroom_stack2.dx80.vtx,4821,4821
models/nikl/mushroom_stack2.sw.vtx,4821,4821
materials/models/nikl/mushroom.vmt,84,84
materials/models/nikl/mushroom.vtf,43896,43896
models/props_foliage/urban_fern01.mdl,1744,1744
models/props_foliage/urban_fern01.vvd,76928,76928
models/props_foliage/urban_fern01.dx90.vtx,18390,18390
materials/models/props_foliage/urban_trees_branches03_small.vmt,260,260
materials/models/props_foliage/tree_include_small.vmt,456,456
materials/models/props_foliage/urban_trees_branches03_mip0.vtf,5592664,5592664
models/props_foliage/vine_wall2.mdl,1468,1468
models/props_foliage/vine_wall2.vvd,6080,6080
models/props_foliage/vine_wall2.dx90.vtx,1851,1851
models/props_foliage/vine_wall2.dx80.vtx,1851,1851
models/props_foliage/vine_wall2.sw.vtx,1851,1851
materials/models/props_foliage/vines01.vmt,109,109
materials/models/props_foliage/vines01.vtf,1398336,1398336
models/props_foliage/urban_grass_bush01.mdl,1744,1744
models/props_foliage/urban_grass_bush01.vvd,106816,106816
models/props_foliage/urban_grass_bush01.dx90.vtx,23493,23493
models/props_foliage/urban_vine03.mdl,1744,1744
models/props_foliage/urban_vine03.vvd,58176,58176
models/props_foliage/urban_vine03.dx90.vtx,12933,12933
materials/models/props_foliage/urban_trees_branches02_still.vmt,192,192
materials/models/props_foliage/urban_trees_branches02_mip0.vtf,5592672,5592672
models/props_foliage/mall_small_palm01.mdl,1936,1936
models/props_foliage/mall_small_palm01.vvd,41152,41152
models/props_foliage/mall_small_palm01.dx90.vtx,10044,10044
materials/models/props_foliage/mall_trees_branches01.vmt,186,186
materials/models/props_foliage/mall_trees_branches01.vtf,5592672,5592672
materials/models/props_foliage/mall_trees_barks01.vmt,96,96
materials/models/props_foliage/mall_trees_barks01.vtf,699296,699296
models/props_foliage/urban_bush02.mdl,1744,1744
models/props_foliage/urban_bush02.vvd,103744,103744
models/props_foliage/urban_bush02.dx90.vtx,24273,24273
models/props_foliage/urban_tree_base_bushes02.mdl,1744,1744
models/props_foliage/urban_tree_base_bushes02.vvd,40320,40320
models/props_foliage/urban_tree_base_bushes02.dx90.vtx,8598,8598
materials/models/props_foliage/urban_trees_branches02_small.vmt,303,303
maps/bhop_appriciate.nav,29143,29143
particles/bhop_appriciate_manifest.txt,1927,1927
maps/bhop_appriciate_particles.txt,173,173
