filename,size,compressed
materials/maps/bhop_dracule/realworldtextures2/wall/brick_wall_62_0_0_0.vmt,143,143
materials/maps/bhop_dracule/cubemapdefault.vtf,28753,28753
materials/maps/bhop_dracule/c0_0_0.vtf,28753,28753
materials/maps/bhop_dracule/cubemapdefault.hdr.vtf,76528,76528
materials/maps/bhop_dracule/c0_0_0.hdr.vtf,76528,76528
materials/RealWorldTextures2/Wall/Brick_wall_62.vmt,443,443
materials/RealWorldTextures2/Wall/Brick_wall_62.vtf,174984,174984
materials/RealWorldTextures2/Wall/Brick_wall_62_nrm.vtf,174984,174984
materials/RealWorldTextures2/Detail/noise_detail_01.vtf,65959,65959
materials/RealWorldTextures/newer/1/Brick_1_13.vmt,109,109
materials/RealWorldTextures/newer/1/Brick_1_13.vtf,174984,174984
materials/RealWorldTextures/newer/1/Floor_1_01.vmt,112,112
materials/RealWorldTextures/newer/1/Floor_1_01.vtf,174984,174984
materials/RealWorldTextures2/Concrete/concrete_27.vmt,290,290
materials/RealWorldTextures2/Concrete/concrete_27.vtf,174984,174984
materials/RealWorldTextures2/Concrete/concrete_27_nrm.vtf,174984,174984
materials/Saspatoon/Carpet/Smooth/SmoothCarpetBlack.vmt,225,225
materials/Saspatoon/Carpet/Smooth/SmoothCarpetBlack.vtf,174984,174984
materials/tools/toolsnodraw.vmt,254,254
materials/tools/toolsnodraw.vtf,2936,2936
materials/custom/kamiz3.vmt,53,53
materials/custom/kamiz3.vtf,349760,349760
materials/tools/toolstrigger.vmt,285,285
materials/tools/toolstrigger.vtf,5680,5680
materials/Saspatoon/Plaster/PlasterSeamlessDarkGrey.vmt,224,224
materials/Saspatoon/Plaster/PlasterSeamlessDarkGrey.vtf,349760,349760
materials/materials/real_dev/dev_gray7.vmt,66,66
materials/REAL_DEV/dev_gray7.vtf,699272,699272
materials/RYAN_DEV/brown5.vmt,63,63
materials/RYAN_DEV/brown5.vtf,11144,11144
materials/RYAN_DEV/BROWN7.vmt,63,63
materials/RYAN_DEV/brown7.vtf,11144,11144
materials/RYAN_DEV/brown6.vmt,63,63
materials/RYAN_DEV/brown6.vtf,11144,11144
materials/texture/greentile_clear.vmt,252,252
materials/texture/greentile_clear_NRM.vtf,174984,174984
materials/RYAN_DEV/brown4.vmt,63,63
materials/RYAN_DEV/brown4.vtf,11144,11144
materials/RYAN_DEV/15.vmt,59,59
materials/RYAN_DEV/15.vtf,11144,11144
materials/custom/drac5.vmt,79,79
materials/custom/drac5.vtf,43872,43872
materials/custom/drac4.vmt,60,60
materials/custom/drac4.vtf,174976,174976
materials/RealWorldTextures/glass/Glass_10_P.vmt,129,129
materials/RealWorldTextures/glass/Glass_10_P.vtf,175008,175008
materials/RealWorldTextures/glass/Glass_06_P.vmt,129,129
materials/RealWorldTextures/glass/Glass_06_P.vtf,175008,175008
materials/RYAN_DEV/darker_green3.vmt,70,70
materials/RYAN_DEV/darker_green3.vtf,11144,11144
materials/RYAN_DEV/darker_magenta2.vmt,72,72
materials/RYAN_DEV/darker_magenta2.vtf,11144,11144
materials/DEVNEONS/PURPLE_NEON.vmt,105,105
materials/DEVNEONS/purple_neon.vtf,43912,43912
materials/tools/toolsinvisible.vmt,344,344
materials/tools/toolsinvisible.vtf,5680,5680
materials/tools/toolsinvisible-dx10.vtf,5720,5720
materials/RYAN_DEV/darker_red.vmt,67,67
materials/RYAN_DEV/darker_red.vtf,11144,11144
materials/detail/detailsprites.vmt,133,133
materials/detail/detailsprites.vtf,349744,349744
models/kami/kami1.mdl,2140,2140
models/kami/kami1.vvd,59520,59520
models/kami/kami1.dx90.vtx,11772,11772
models/kami/kami1.dx80.vtx,11772,11772
models/kami/kami1.sw.vtx,11772,11772
materials/models/props/generated_prop/brick_1_13.vmt,107,107
materials/models/props/generated_prop/kamiz3.vmt,64,64
materials/models/props/generated_prop/smoothcarpetblack.vmt,223,223
maps/bhop_dracule.nav,41417,41417
scripts/soundscapes_bhop_dracule.txt,318,318
sound/drac/Interstellar.mp3,5764828,5764828
sound/drac/Interstellar2.mp3,5959817,5959817
