filename,size,compressed
materials/maps/shortmap/nature/blenddirtgrass005a_wvt_patch.vmt,368,368
materials/maps/shortmap/egypt/base_stone2_moss_0_0_0.vmt,124,124
materials/maps/shortmap/egypt/base_stone3_0_0_0.vmt,119,119
materials/maps/shortmap/glass/combineglass001a_0_0_0.vmt,124,124
materials/maps/shortmap/egypt/woodplanks2_0_0_0.vmt,119,119
materials/maps/shortmap/egypt/wall_stone1_plain_0_0_0.vmt,125,125
materials/maps/shortmap/egypt/base_stone2_0_0_0.vmt,119,119
materials/maps/shortmap/egypt/wall_stone1_gradient_0_0_0.vmt,128,128
materials/maps/shortmap/concrete/concretefloor033a_0_0_0.vmt,128,128
materials/maps/shortmap/egypt/base_stone3_moss_0_0_0.vmt,124,124
materials/maps/shortmap/egypt/woodplanks1_0_0_0.vmt,119,119
materials/maps/shortmap/egypt/wall_stone1_drips_0_0_0.vmt,125,125
materials/maps/shortmap/metal/citadel_metalwall072c_0_0_0.vmt,129,129
materials/maps/shortmap/maps/bhop_arcane2/water/water_caribbean01_depth_56_depth_129.vmt,138,138
materials/maps/shortmap/maps/bhop_arcane2/water/water_caribbean01_depth_56_depth_12.vmt,137,137
materials/maps/shortmap/cubemapdefault.vtf,9832,9832
materials/maps/shortmap/c0_0_0.vtf,9832,9832
materials/maps/shortmap/cubemapdefault.hdr.vtf,76528,76528
materials/maps/shortmap/c0_0_0.hdr.vtf,76528,76528
materials/Egypt/base_stone2_moss.vmt,242,242
materials/Egypt/base_stone2_moss.vtf,174984,174984
materials/Egypt/base_stone3.vmt,237,237
materials/Egypt/base_stone3.vtf,174984,174984
materials/Egypt/woodplanks2.vmt,239,239
materials/Egypt/woodplanks2.vtf,174984,174984
materials/Egypt/wall_stone1_plain.vmt,240,240
materials/Egypt/wall_stone1_plain.vtf,699272,699272
materials/Egypt/base_stone2.vmt,237,237
materials/Egypt/base_stone2.vtf,174984,174984
materials/Egypt/wall_stone1_gradient.vmt,243,243
materials/Egypt/wall_stone1_gradient.vtf,699272,699272
materials/Egypt/base_stone3_moss.vmt,242,242
materials/Egypt/base_stone3_moss.vtf,174984,174984
materials/Egypt/woodplanks1.vmt,239,239
materials/Egypt/woodplanks1.vtf,174984,174984
materials/Egypt/wall_stone1_drips.vmt,240,240
materials/Egypt/wall_stone1_drips.vtf,699272,699272
materials/maps/bhop_arcane2/water/water_caribbean01_depth_56.vmt,110,110
materials/water/water_caribbean01.vmt,1447,1447
materials/Egypt/base_plaster.vmt,237,237
materials/Egypt/base_plaster.vtf,174984,174984
materials/Egypt/trim_darktiles_single.vmt,243,243
materials/Egypt/trim_darktiles_single.vtf,174904,174904
materials/Egypt/floor_fossiltiles.vmt,243,243
materials/Egypt/floor_fossiltiles.vtf,699272,699272
materials/Egypt/trim_glyphband1.vmt,241,241
materials/Egypt/trim_glyphband1.vtf,22008,22008
materials/Egypt/deco_panel_half_statue.vmt,248,248
materials/Egypt/deco_panel_half_statue.vtf,87544,87544
materials/nt_rabbitjunk_ctg_beta3/concrete/concretefloor005a_736_-4249_2040.vmt,152,152
materials/rainbowscroll.vmt,231,231
materials/skar/rainbow.vtf,174984,174984
materials/Egypt/floor_mosaictiles.vmt,243,243
materials/Egypt/floor_mosaictiles.vtf,174984,174984
materials/real_dev/dev_neon3.vmt,92,92
materials/Egypt/deco_heiroglyphs.vmt,242,242
materials/Egypt/deco_heiroglyphs.vtf,87544,87544
materials/real_dev/dev_red4.vmt,65,65
materials/real_dev/dev_red4.vtf,699272,699272
materials/water/water_caribbean01_beneath.vmt,1156,1156
materials/Special/wasureru.vmt,83,83
materials/Special/wasureru.vtf,349696,349696
materials/skybox/interstellarup.vmt,117,117
materials/skybox/interstellarup.vtf,1398336,1398336
materials/skybox/interstellardn.vmt,117,117
materials/skybox/interstellardn.vtf,1398336,1398336
materials/skybox/interstellarlf.vmt,117,117
materials/skybox/interstellarlf.vtf,1398336,1398336
materials/skybox/interstellarrt.vmt,117,117
materials/skybox/interstellarrt.vtf,1398336,1398336
materials/skybox/interstellarft.vmt,117,117
materials/skybox/interstellarft.vtf,1398336,1398336
materials/skybox/interstellarbk.vmt,117,117
materials/skybox/interstellarbk.vtf,1398336,1398336
sound/Bhop_nipple/Dontloseyourway.mp3,3974590,3974590
models/props_foliage/mall_small_palm01.mdl,1936,1936
models/props_foliage/mall_small_palm01.vvd,41152,41152
models/props_foliage/mall_small_palm01.dx90.vtx,10044,10044
materials/models/props_foliage/mall_trees_branches01.vmt,186,186
materials/models/props_foliage/mall_trees_branches01.vtf,5592672,5592672
materials/models/props_foliage/mall_trees_barks01.vmt,96,96
materials/models/props_foliage/mall_trees_barks01.vtf,699296,699296
models/props_foliage/mall_small_palm01_cluster.mdl,1936,1936
models/props_foliage/mall_small_palm01_cluster.vvd,123328,123328
models/props_foliage/mall_small_palm01_cluster.dx90.vtx,29712,29712
models/props_foliage/urban_tree01.mdl,1952,1952
models/props_foliage/urban_tree01.vvd,88384,88384
models/props_foliage/urban_tree01.dx90.vtx,20916,20916
models/props_foliage/urban_tree01.phy,4573,4573
materials/models/props_foliage/urban_trees_barks01_medium.vmt,170,170
materials/models/props_foliage/tree_include_medium.vmt,453,453
materials/models/props_foliage/urban_trees_barks01.vtf,1398288,1398288
materials/models/props_foliage/urban_trees_branches03_medium.vmt,261,261
materials/models/props_foliage/urban_trees_branches03_mip0.vtf,5592664,5592664
models/props_foliage/urban_tree01_small.mdl,1952,1952
models/props_foliage/urban_tree01_small.vvd,64896,64896
models/props_foliage/urban_tree01_small.dx90.vtx,15267,15267
models/props_foliage/urban_tree01_small.phy,4579,4579
models/props_foliage/urban_tree01_medium.mdl,1952,1952
models/props_foliage/urban_tree01_medium.vvd,76608,76608
models/props_foliage/urban_tree01_medium.dx90.vtx,18132,18132
models/props_foliage/urban_tree01_medium.phy,4420,4420
models/props_foliage/urban_grass_bush01.mdl,1744,1744
models/props_foliage/urban_grass_bush01.vvd,106816,106816
models/props_foliage/urban_grass_bush01.dx90.vtx,23493,23493
materials/models/props_foliage/urban_trees_branches03_small.vmt,260,260
materials/models/props_foliage/tree_include_small.vmt,456,456
models/props_foliage/urban_vine03.mdl,1744,1744
models/props_foliage/urban_vine03.vvd,58176,58176
models/props_foliage/urban_vine03.dx90.vtx,12933,12933
materials/models/props_foliage/urban_trees_branches02_still.vmt,192,192
materials/models/props_foliage/urban_trees_branches02_mip0.vtf,5592672,5592672
models/props_foliage/urban_vine04.mdl,1744,1744
models/props_foliage/urban_vine04.vvd,3776,3776
models/props_foliage/urban_vine04.dx90.vtx,1047,1047
models/props_foliage/urban_vine02.mdl,1744,1744
models/props_foliage/urban_vine02.vvd,135552,135552
models/props_foliage/urban_vine02.dx90.vtx,29964,29964
models/props_foliage/urban_bush02.mdl,1744,1744
models/props_foliage/urban_bush02.vvd,103744,103744
models/props_foliage/urban_bush02.dx90.vtx,24273,24273
models/props_foliage/swamp_grass01.mdl,1748,1748
models/props_foliage/swamp_grass01.vvd,43456,43456
models/props_foliage/swamp_grass01.dx90.vtx,8955,8955
materials/models/props_foliage/swamp_trees_branches01_alphatest.vmt,293,293
materials/models/props_foliage/tree_include_dryleaves.vmt,454,454
materials/models/props_foliage/swamp_trees_branches01.vtf,5592664,5592664
models/props_foliage/mall_tree_large01.mdl,1936,1936
models/props_foliage/mall_tree_large01.vvd,266816,266816
models/props_foliage/mall_tree_large01.dx90.vtx,62088,62088
models/props_foliage/mall_tree_large01.phy,4118,4118
materials/models/props_foliage/mall_trees_branches02.vmt,189,189
materials/models/props_foliage/mall_trees_branches02.vtf,1398360,1398360
models/props_foliage/urban_trees_dryleaves01.mdl,1944,1944
models/props_foliage/urban_trees_dryleaves01.vvd,179584,179584
models/props_foliage/urban_trees_dryleaves01.dx90.vtx,41493,41493
materials/models/props_foliage/urban_trees_branches02_dry.vmt,264,264
materials/models/props_foliage/urban_trees_barks01_dry.vmt,173,173
models/props_foliage/urban_trees_small01.mdl,1944,1944
models/props_foliage/urban_trees_small01.vvd,152960,152960
models/props_foliage/urban_trees_small01.dx90.vtx,34209,34209
materials/models/props_foliage/urban_trees_branches01_dry.vmt,264,264
materials/models/props_foliage/urban_trees_branches01_mip0.vtf,1398360,1398360
models/props_foliage/urban_tree_base_bushes01_large.mdl,1744,1744
models/props_foliage/urban_tree_base_bushes01_large.vvd,44928,44928
models/props_foliage/urban_tree_base_bushes01_large.dx90.vtx,9804,9804
materials/models/props_foliage/urban_trees_branches02_small.vmt,303,303
models/props_foliage/urban_tree_base_bushes02.mdl,1744,1744
models/props_foliage/urban_tree_base_bushes02.vvd,40320,40320
models/props_foliage/urban_tree_base_bushes02.dx90.vtx,8598,8598
models/props_foliage/urban_tree_giant02_medium.mdl,1936,1936
models/props_foliage/urban_tree_giant02_medium.vvd,558208,558208
models/props_foliage/urban_tree_giant02_medium.dx90.vtx,124527,124527
models/props_foliage/urban_tree_giant02_medium.phy,12192,12192
materials/models/props_foliage/urban_trees_branches03.vmt,254,254
materials/models/props_foliage/tree_include.vmt,458,458
materials/models/props_foliage/urban_trees_barks01.vmt,161,161
models/props_foliage/urban_tree_giant01_medium.mdl,1936,1936
models/props_foliage/urban_tree_giant01_medium.vvd,398208,398208
models/props_foliage/urban_tree_giant01_medium.dx90.vtx,89913,89913
models/props_foliage/urban_tree_giant01_medium.phy,11384,11384
models/props_foliage/urban_tree_giant01_small.mdl,1936,1936
models/props_foliage/urban_tree_giant01_small.vvd,383680,383680
models/props_foliage/urban_tree_giant01_small.dx90.vtx,90084,90084
models/props_foliage/urban_tree_giant01_small.phy,9935,9935
models/props_foliage/fallentree01.mdl,1724,1724
models/props_foliage/fallentree01.vvd,132352,132352
models/props_foliage/fallentree01.dx90.vtx,53331,53331
models/props_foliage/fallentree01.dx80.vtx,53331,53331
models/props_foliage/fallentree01.sw.vtx,53331,53331
models/props_foliage/fallentree01.phy,4762,4762
materials/models/props_foliage/arbrefallen01.vmt,192,192
materials/models/props_foliage/arbrefallen01.vtf,1398352,1398352
models/props_foliage/mall_tree_medium01.mdl,1936,1936
models/props_foliage/mall_tree_medium01.vvd,266816,266816
models/props_foliage/mall_tree_medium01.dx90.vtx,62088,62088
models/props_foliage/mall_tree_medium01.phy,4118,4118
models/props_foliage/old_tree01.mdl,1932,1932
models/props_foliage/old_tree01.vvd,192640,192640
models/props_foliage/old_tree01.dx90.vtx,48453,48453
models/props_foliage/old_tree01.phy,3386,3386
materials/models/props_foliage/trees_farm01.vmt,138,138
materials/models/props_foliage/trees_farm01.vtf,2796448,2796448
materials/models/props_foliage/branches_farm01.vmt,219,219
materials/models/props_foliage/tree_include_clusters.vmt,459,459
materials/models/props_foliage/branchesfarm01_mip0.vtf,5592672,5592672
